budget,method,mean_gain_pct,mean_total_time_s
5,direct,13.457188540859526,2.4140779349399963
10,gp_bo,14.307069228182414,29.527726016380324
20,gp_bo,14.348194905549432,66.02298470730386
30,gp_bo,14.348172657358251,115.18210407344708
